country,year,HWF,HWD,HWN,HWA,HWM
AE,1985,3.0,3.0,1,47.0,44.625
AE,1987,5.0,5.0,1,46.6,45.199999999999996
AE,1989,6.0,6.0,1,46.5,45.31428571428571
AE,1990,3.0,3.0,1,46.9,46.325
AE,1993,3.0,3.0,1,46.0,44.675000000000004
AE,1995,3.0,3.0,1,47.2,46.375
AE,1998,5.0,5.0,1,48.8,47.48333333333334
AE,2001,5.0,5.0,1,47.8,46.71666666666667
AE,2007,4.0,4.0,1,46.0,45.2
AE,2013,3.0,3.0,1,47.7,46.75
AE,2015,3.0,3.0,1,47.0,46.65
AE,2016,3.0,3.0,1,49.2,47.2
AE,2019,3.0,3.0,1,45.8,45.45
AF,2003,5.0,5.0,1,39.3,37.483333333333334
AF,2006,3.0,3.0,1,44.0,44.0
AF,2010,4.0,4.0,1,46.0,44.2
AF,2012,4.0,4.0,1,47.0,44.6
AF,2014,5.0,5.0,1,45.0,43.166666666666664
AF,2017,5.0,5.0,1,46.2,43.11666666666667
AF,2018,3.0,3.0,1,44.0,42.75
AL,1980,7.0,7.0,1,36.0,34.875
AL,1981,4.0,4.0,1,40.0,37.4
AL,1985,3.0,3.0,1,35.7,34.875
AL,1987,7.0,4.0,2,40.8,37.2375
AL,2013,7.0,7.0,1,35.4,34.3125
AL,2014,4.0,4.0,1,35.5,34.14
AL,2015,4.0,4.0,1,37.5,37.019999999999996
AL,2016,3.0,3.0,1,35.9,35.45
AL,2019,3.0,3.0,1,38.5,35.825
AM,1980,7.0,7.0,1,39.9,37.862500000000004
AM,1981,5.0,5.0,1,38.5,37.516666666666666
AM,1982,4.0,4.0,1,36.5,35.480000000000004
AM,1985,11.0,8.0,2,37.9,36.15138888888889
AM,1986,7.0,7.0,1,37.5,36.7375
AM,1987,3.0,3.0,1,36.4,35.574999999999996
AM,1989,6.0,6.0,1,39.0,37.89999999999999
AM,1996,13.0,6.0,3,37.4,34.839285714285715
AM,1998,3.0,3.0,1,38.1,35.525
AM,1999,4.0,4.0,1,40.0,39.239999999999995
AM,2000,4.0,4.0,1,39.0,38.12
AM,2002,3.0,3.0,1,37.0,35.65
AM,2003,4.0,4.0,1,41.1,38.28
AM,2004,6.0,6.0,1,36.2,35.385714285714286
AM,2006,5.0,5.0,1,40.0,38.666666666666664
AM,2008,9.0,9.0,1,39.2,36.82
AM,2009,6.0,6.0,1,36.5,35.385714285714286
AM,2011,4.0,4.0,1,40.0,37.28
AM,2012,10.0,6.0,2,38.4,37.04
AM,2013,6.0,3.0,2,37.0,34.825
AM,2014,3.0,3.0,1,39.0,37.25
AM,2015,8.0,5.0,2,40.0,39.16666666666667
AM,2016,9.0,5.0,2,41.5,37.40833333333333
AM,2018,3.0,3.0,1,41.0,40.0
AM,2019,5.0,5.0,1,39.0,37.583333333333336
AR,1989,3.0,3.0,1,42.6,42.25
AR,2003,7.0,4.0,2,44.4,41.71
AR,2011,3.0,3.0,1,40.6,39.9
AR,2016,5.0,5.0,1,44.2,41.38333333333333
AR,2018,4.0,4.0,1,40.6,39.959999999999994
AT,1988,3.0,3.0,1,36.0,34.175
AT,1992,3.0,3.0,1,36.7,35.0
AT,2002,6.0,6.0,1,36.3,34.52857142857143
AT,2010,7.0,7.0,1,35.0,34.0875
AT,2012,3.0,3.0,1,35.6,34.400000000000006
AT,2015,11.0,8.0,2,37.4,35.95972222222222
AU,2000,3.0,3.0,1,46.0,45.05
AU,2001,3.0,3.0,1,48.0,47.225
AU,2002,6.0,6.0,1,46.5,45.728571428571435
AU,2005,3.0,3.0,1,47.9,46.849999999999994
AU,2007,5.0,5.0,1,47.6,46.416666666666664
AU,2013,4.0,4.0,1,48.4,48.2
AU,2014,4.0,4.0,1,47.8,46.519999999999996
AU,2018,7.0,4.0,2,50.0,47.94
AU,2019,6.0,6.0,1,49.0,47.75714285714286
AW,2014,3.0,3.0,1,34.0,33.35
AW,2018,3.0,3.0,1,33.0,32.55
AW,2019,4.0,4.0,1,33.7,33.120000000000005
AZ,1980,9.0,9.0,1,42.0,40.7
AZ,1991,6.0,6.0,1,41.5,40.5
AZ,1999,7.0,4.0,2,37.4,34.685
AZ,2000,5.0,5.0,1,40.5,38.35
AZ,2006,4.0,4.0,1,39.3,38.0
AZ,2008,3.0,3.0,1,37.9,37.225
AZ,2018,4.0,4.0,1,39.5,38.12
AZ,2019,6.0,6.0,1,37.3,35.67142857142858
BA,2001,11.0,8.0,2,40.4,37.825
BA,2002,3.0,3.0,1,39.4,37.7
BA,2004,5.0,5.0,1,38.2,37.11666666666667
BA,2006,4.0,4.0,1,40.4,38.24
BA,2007,7.0,7.0,1,42.5,41.3
BA,2009,4.0,4.0,1,37.4,36.8
BA,2010,4.0,4.0,1,40.0,38.260000000000005
BA,2012,3.0,3.0,1,40.6,38.725
BA,2013,10.0,5.0,2,41.6,39.28333333333333
BA,2017,6.0,6.0,1,42.0,39.857142857142854
BD,2019,4.0,4.0,1,36.9,36.64
BE,2003,3.0,3.0,1,35.8,33.95
BE,2010,3.0,3.0,1,36.5,34.775
BE,2016,3.0,3.0,1,34.7,34.075
BE,2019,3.0,3.0,1,40.6,38.125
BF,1983,3.0,3.0,1,44.7,44.2
BF,1987,7.0,7.0,1,45.8,44.849999999999994
BF,1989,3.0,3.0,1,48.8,45.5
BF,1990,3.0,3.0,1,45.3,43.849999999999994
BF,2001,3.0,3.0,1,45.5,44.25
BF,2016,6.0,3.0,2,47.5,45.2
BF,2018,3.0,3.0,1,43.0,42.775
BF,2019,3.0,3.0,1,41.3,40.3
BG,1992,3.0,3.0,1,34.2,33.55
BG,1993,4.0,4.0,1,34.3,33.739999999999995
BG,1998,3.0,3.0,1,35.4,34.35
BG,1999,3.0,3.0,1,39.2,36.7
BG,2000,3.0,3.0,1,41.0,39.75
BG,2001,4.0,4.0,1,35.0,34.18
BG,2002,3.0,3.0,1,38.8,36.55
BG,2003,4.0,4.0,1,39.5,36.099999999999994
BG,2004,4.0,4.0,1,37.2,35.239999999999995
BG,2005,7.0,7.0,1,36.0,34.7875
BG,2006,3.0,3.0,1,36.0,34.55
BG,2007,9.0,9.0,1,43.2,40.14
BG,2008,4.0,4.0,1,38.0,36.94
BG,2012,9.0,6.0,2,40.0,37.07678571428572
BG,2013,8.0,5.0,2,38.2,35.50833333333334
BG,2014,4.0,4.0,1,36.0,34.8
BG,2015,8.0,5.0,2,38.5,35.58333333333333
BG,2016,7.0,4.0,2,36.0,34.74
BG,2019,3.0,3.0,1,36.0,36.0
BH,1984,5.0,5.0,1,40.3,38.449999999999996
BH,1987,7.0,4.0,2,45.6,41.7575
BH,1989,3.0,3.0,1,41.4,40.25
BH,1990,5.0,5.0,1,44.0,40.18333333333333
BH,1996,7.0,7.0,1,43.3,41.0625
BH,2004,3.0,3.0,1,44.8,41.575
BH,2011,8.0,4.0,2,46.0,42.08
BH,2012,7.0,4.0,2,44.1,42.18
BH,2014,4.0,4.0,1,42.0,41.260000000000005
BH,2015,4.0,4.0,1,45.8,42.400000000000006
BH,2018,3.0,3.0,1,43.0,41.5
BJ,1982,6.0,6.0,1,41.0,39.91428571428571
BJ,1985,3.0,3.0,1,39.9,39.55
BJ,1994,8.0,8.0,1,41.6,40.922222222222224
BJ,1997,7.0,7.0,1,41.3,39.8
BJ,2001,3.0,3.0,1,40.9,40.25
BJ,2002,3.0,3.0,1,42.1,41.65
BJ,2005,4.0,4.0,1,42.0,41.5
BJ,2006,3.0,3.0,1,41.5,40.425
BJ,2008,3.0,3.0,1,41.5,39.975
BJ,2011,4.0,4.0,1,41.5,41.12
BJ,2012,8.0,8.0,1,40.8,40.26666666666667
BJ,2013,8.0,8.0,1,42.6,41.34444444444445
BJ,2016,3.0,3.0,1,40.5,40.175
BM,1991,5.0,5.0,1,32.8,32.5
BM,1992,3.0,3.0,1,32.2,32.2
BS,1980,3.0,3.0,1,33.9,33.025
BS,1996,3.0,3.0,1,33.2,33.099999999999994
BS,1999,7.0,4.0,2,33.5,33.0025
BS,2002,3.0,3.0,1,33.4,33.225
BW,1982,3.0,3.0,1,39.2,38.85
BW,1986,4.0,4.0,1,39.2,38.760000000000005
BW,1994,3.0,3.0,1,39.5,39.1
BW,1996,3.0,3.0,1,40.1,40.05
BW,2013,4.0,4.0,1,38.0,37.78
BY,1994,5.0,5.0,1,38.4,35.800000000000004
BY,2010,8.0,5.0,2,38.7,36.32083333333333
BY,2012,5.0,5.0,1,34.8,33.6
CA,1981,3.0,3.0,1,34.5,33.225
CA,1982,3.0,3.0,1,36.7,34.925
CA,1987,6.0,6.0,1,37.4,35.25714285714286
CA,1988,3.0,3.0,1,38.6,36.199999999999996
CA,1990,3.0,3.0,1,37.5,34.825
CA,1991,7.0,4.0,2,38.0,36.0625
CA,1992,5.0,5.0,1,39.8,36.20000000000001
CA,1995,3.0,3.0,1,39.0,37.925
CA,1997,4.0,4.0,1,36.0,34.879999999999995
CA,1998,3.0,3.0,1,40.1,37.949999999999996
CA,1999,5.0,5.0,1,38.4,36.24999999999999
CA,2000,13.0,10.0,2,38.8,35.97954545454545
CA,2001,4.0,4.0,1,39.1,36.440000000000005
CA,2002,7.0,7.0,1,42.0,38.4125
CA,2004,14.0,6.0,3,40.4,38.08888888888888
CA,2005,6.0,6.0,1,39.0,36.2
CA,2006,12.0,7.0,2,42.1,37.506249999999994
CA,2009,8.0,8.0,1,41.2,39.96666666666667
CA,2010,4.0,4.0,1,38.5,36.84
CA,2011,3.0,3.0,1,37.9,36.125
CA,2013,4.0,4.0,1,38.6,36.36
CA,2014,7.0,7.0,1,39.5,38.7375
CA,2015,7.0,4.0,2,40.3,38.2325
CA,2016,5.0,5.0,1,38.0,36.38333333333333
CA,2017,5.0,5.0,1,37.8,36.800000000000004
CA,2018,6.0,6.0,1,41.4,38.9
CH,1986,3.0,3.0,1,33.9,33.3
CH,1992,3.0,3.0,1,34.4,33.824999999999996
CH,1998,4.0,4.0,1,36.1,34.72
CH,2010,4.0,4.0,1,34.9,33.879999999999995
CH,2015,7.0,7.0,1,37.5,34.5125
CI,1998,4.0,4.0,1,40.2,39.779999999999994
CL,1999,4.0,4.0,1,35.2,33.4
CL,2003,3.0,3.0,1,36.3,34.625
CL,2012,7.0,7.0,1,36.0,34.75
CL,2014,6.0,6.0,1,36.6,35.628571428571426
CL,2019,4.0,4.0,1,40.0,37.88
CN,1984,4.0,4.0,1,40.2,39.28
CN,1985,3.0,3.0,1,41.9,41.349999999999994
CN,1988,8.0,8.0,1,43.6,41.666666666666664
CN,1991,4.0,4.0,1,42.7,41.38
CN,1993,3.0,3.0,1,39.8,38.925
CN,1996,3.0,3.0,1,41.3,40.125
CN,2000,9.0,5.0,2,44.0,41.858333333333334
CN,2002,3.0,3.0,1,43.5,42.599999999999994
CN,2010,5.0,5.0,1,44.4,42.76666666666666
CN,2017,7.0,7.0,1,41.0,39.7125
CR,2001,3.0,3.0,1,36.7,36.400000000000006
CR,2018,3.0,3.0,1,39.6,36.75
CV,2014,3.0,3.0,1,33.5,32.7
CV,2016,6.0,3.0,2,35.1,33.6625
CY,1980,5.0,5.0,1,37.7,35.21666666666667
CY,1983,4.0,4.0,1,37.0,34.88
CY,1988,7.0,4.0,2,39.7,36.03
CY,1991,3.0,3.0,1,36.5,34.4
CY,1992,5.0,5.0,1,37.0,34.916666666666664
CY,1993,4.0,4.0,1,35.8,34.48
CY,1997,6.0,3.0,2,35.4,33.95
CY,1998,7.0,7.0,1,40.9,36.55
CY,1999,3.0,3.0,1,33.2,32.599999999999994
CY,2000,6.0,6.0,1,38.0,36.542857142857144
CY,2001,10.0,10.0,1,36.4,33.26363636363636
CY,2002,5.0,5.0,1,40.7,37.06666666666667
CY,2006,5.0,5.0,1,37.7,34.783333333333324
CY,2007,7.0,7.0,1,38.3,35.5625
CY,2010,7.0,7.0,1,36.8,34.8625
CY,2012,5.0,5.0,1,38.5,35.833333333333336
CY,2013,8.0,5.0,2,35.9,34.49166666666667
CY,2014,4.0,4.0,1,37.4,34.38
CY,2015,3.0,3.0,1,37.0,36.0
CY,2018,3.0,3.0,1,40.0,38.25
CZ,1992,3.0,3.0,1,36.1,34.6
CZ,1994,9.0,9.0,1,36.9,35.089999999999996
CZ,1998,3.0,3.0,1,36.1,33.9
CZ,2015,9.0,9.0,1,36.9,35.1
DE,1983,4.0,4.0,1,40.0,35.82000000000001
DE,1989,3.0,3.0,1,34.7,34.150000000000006
DE,1990,3.0,3.0,1,36.4,35.25
DE,1991,3.0,3.0,1,33.9,33.7
DE,1992,6.0,3.0,2,39.2,35.375
DE,1994,9.0,9.0,1,38.0,35.87
DE,1998,4.0,4.0,1,38.6,35.9
DE,2000,3.0,3.0,1,33.8,33.25
DE,2001,6.0,6.0,1,35.2,33.785714285714285
DE,2002,3.0,3.0,1,37.5,35.425
DE,2010,4.0,4.0,1,38.8,37.260000000000005
DE,2013,6.0,6.0,1,38.6,34.7
DE,2014,3.0,3.0,1,35.8,34.675
DE,2016,3.0,3.0,1,37.9,36.15
DE,2017,3.0,3.0,1,37.2,35.375
DE,2019,3.0,3.0,1,42.6,39.7
DJ,2019,3.0,3.0,1,43.5,42.925
DO,1997,3.0,3.0,1,36.7,36.550000000000004
DZ,1980,6.0,6.0,1,48.0,47.142857142857146
DZ,1985,3.0,3.0,1,46.5,46.300000000000004
DZ,1994,4.0,4.0,1,46.7,46.059999999999995
DZ,1995,7.0,7.0,1,48.7,47.474999999999994
DZ,1997,4.0,4.0,1,48.5,47.8
DZ,2001,5.0,5.0,1,47.5,47.28333333333334
DZ,2002,4.0,4.0,1,49.0,48.32000000000001
DZ,2003,5.0,5.0,1,47.7,46.93333333333334
DZ,2004,3.0,3.0,1,49.0,48.55
DZ,2006,4.0,4.0,1,48.0,47.8
DZ,2009,6.0,3.0,2,49.3,47.3125
DZ,2012,3.0,3.0,1,48.1,47.225
DZ,2016,4.0,4.0,1,48.2,47.64
DZ,2017,6.0,6.0,1,48.0,46.7
DZ,2018,4.0,4.0,1,49.0,48.9
EG,1983,3.0,3.0,1,45.4,44.449999999999996
EG,1987,8.0,4.0,2,46.4,45.29
EG,1990,4.0,4.0,1,42.6,42.339999999999996
EG,1997,3.0,3.0,1,45.0,43.95
EG,2002,6.0,6.0,1,50.0,47.885714285714286
EG,2004,3.0,3.0,1,44.6,43.74999999999999
EG,2005,7.0,7.0,1,46.2,44.65
EG,2006,6.0,6.0,1,45.2,44.4
EG,2007,9.0,9.0,1,46.2,44.67
EG,2008,4.0,4.0,1,43.6,43.24
EG,2009,4.0,4.0,1,43.2,43.02
EG,2011,5.0,5.0,1,47.0,45.949999999999996
EG,2018,3.0,3.0,1,47.0,45.2
ES,1980,3.0,3.0,1,42.6,41.6
ES,1982,7.0,4.0,2,43.6,39.675
ES,1983,3.0,3.0,1,42.4,39.25
ES,1985,4.0,4.0,1,42.4,40.32000000000001
ES,1986,4.0,4.0,1,40.8,38.98
ES,1989,7.0,7.0,1,44.8,41.4375
ES,1990,6.0,6.0,1,42.2,40.51428571428572
ES,1991,3.0,3.0,1,43.8,41.650000000000006
ES,1992,10.0,6.0,2,43.2,40.93571428571428
ES,1996,10.0,10.0,1,42.4,39.46363636363636
ES,1998,6.0,6.0,1,41.6,40.31428571428571
ES,1999,3.0,3.0,1,41.4,40.25
ES,2000,4.0,4.0,1,43.8,41.92
ES,2002,3.0,3.0,1,40.6,40.25
ES,2004,3.0,3.0,1,44.3,42.449999999999996
ES,2006,10.0,6.0,2,44.0,40.917142857142856
ES,2007,9.0,9.0,1,44.0,41.71999999999999
ES,2008,6.0,6.0,1,41.7,39.65714285714286
ES,2012,3.0,3.0,1,45.9,43.699999999999996
ES,2014,4.0,4.0,1,40.1,39.260000000000005
ES,2015,7.0,4.0,2,45.2,42.5775
ES,2016,3.0,3.0,1,42.2,41.25
ES,2017,5.0,5.0,1,46.9,43.76666666666666
ES,2018,7.0,7.0,1,45.1,42.66250000000001
ES,2019,5.0,5.0,1,41.2,40.900000000000006
FR,1981,6.0,3.0,2,38.6,34.5875
FR,1987,3.0,3.0,1,39.3,36.8
FR,1989,5.0,5.0,1,37.9,36.333333333333336
FR,1990,4.0,4.0,1,38.3,36.48
FR,1992,10.0,6.0,2,37.5,35.32714285714286
FR,1994,5.0,5.0,1,36.7,35.31666666666666
FR,1996,4.0,4.0,1,34.0,33.260000000000005
FR,1997,8.0,8.0,1,35.9,33.62222222222223
FR,1998,11.0,6.0,2,40.7,36.69285714285714
FR,2000,5.0,5.0,1,35.8,34.666666666666664
FR,2001,3.0,3.0,1,37.6,36.5
FR,2002,6.0,6.0,1,37.1,35.32857142857143
FR,2004,7.0,4.0,2,39.5,35.322500000000005
FR,2005,3.0,3.0,1,37.4,35.5
FR,2008,4.0,4.0,1,36.2,35.17999999999999
FR,2010,4.0,4.0,1,39.1,36.86
FR,2013,8.0,8.0,1,37.3,35.49999999999999
FR,2016,3.0,3.0,1,37.7,37.4
FR,2018,3.0,3.0,1,37.9,36.075
FR,2019,3.0,3.0,1,41.6,39.6
GB,2006,3.0,3.0,1,35.5,33.525000000000006
GE,1982,3.0,3.0,1,33.5,32.7
GE,1986,3.0,3.0,1,35.2,34.85000000000001
GE,1987,5.0,5.0,1,36.2,36.03333333333333
GE,1990,4.0,4.0,1,37.1,36.38
GE,1999,3.0,3.0,1,39.3,38.699999999999996
GE,2003,3.0,3.0,1,37.6,35.4
GE,2011,3.0,3.0,1,39.5,36.675
GE,2016,4.0,4.0,1,36.9,35.94
GE,2017,6.0,6.0,1,40.4,38.457142857142856
GH,1997,3.0,3.0,1,41.0,39.975
GR,1980,3.0,3.0,1,35.4,34.800000000000004
GR,1983,6.0,6.0,1,41.2,37.285714285714285
GR,1984,7.0,4.0,2,41.0,35.6575
GR,1985,7.0,7.0,1,41.8,38.525
GR,1986,9.0,5.0,2,36.2,34.99666666666667
GR,1989,6.0,3.0,2,38.0,36.2375
GR,1990,8.0,5.0,2,39.8,36.75
GR,1991,5.0,5.0,1,36.0,34.733333333333334
GR,1992,6.0,6.0,1,37.0,36.142857142857146
GR,1993,4.0,4.0,1,36.4,35.8
GR,1994,6.0,6.0,1,43.2,39.6
GR,1995,4.0,4.0,1,36.2,35.0
GR,1996,5.0,5.0,1,37.6,36.49999999999999
GR,1997,3.0,3.0,1,41.4,38.650000000000006
GR,1998,3.0,3.0,1,39.2,38.3
GR,1999,5.0,5.0,1,40.0,37.6
GR,2000,3.0,3.0,1,44.4,41.55
GR,2003,6.0,6.0,1,39.0,37.457142857142856
GR,2004,6.0,3.0,2,40.0,37.15
GR,2005,9.0,9.0,1,39.2,36.4
GR,2007,5.0,5.0,1,45.0,41.96666666666667
GR,2009,3.0,3.0,1,38.0,37.099999999999994
GR,2011,8.0,8.0,1,41.0,37.577777777777776
GR,2012,3.0,3.0,1,38.6,37.85
GR,2014,5.0,5.0,1,40.3,37.81666666666667
GR,2016,3.0,3.0,1,40.1,39.0
GR,2017,3.0,3.0,1,40.2,38.2
GR,2018,5.0,5.0,1,38.0,35.9
GT,2016,3.0,3.0,1,40.0,38.75
HK,1980,5.0,5.0,1,35.0,34.0
HK,1984,8.0,8.0,1,34.0,33.05555555555556
HK,1987,6.0,6.0,1,34.2,33.31428571428571
HK,2001,3.0,3.0,1,35.0,34.75
HK,2004,5.0,5.0,1,37.0,34.833333333333336
HK,2007,4.0,4.0,1,35.0,34.46
HK,2008,3.0,3.0,1,34.0,33.25
HK,2011,4.0,4.0,1,35.2,34.54
HK,2015,5.0,5.0,1,34.5,34.11666666666667
HR,1998,3.0,3.0,1,38.0,36.375
HR,2001,8.0,8.0,1,35.5,34.733333333333334
HR,2003,4.0,4.0,1,36.3,35.52
HR,2006,4.0,4.0,1,36.1,35.2
HR,2007,9.0,9.0,1,40.1,37.470000000000006
HR,2008,4.0,4.0,1,36.0,34.160000000000004
HR,2009,3.0,3.0,1,35.0,34.625
HR,2010,9.0,6.0,2,36.0,34.13035714285714
HR,2012,4.0,4.0,1,37.0,36.17999999999999
HR,2013,5.0,5.0,1,39.0,35.766666666666666
HR,2015,11.0,7.0,2,39.0,36.58
HR,2016,8.0,5.0,2,35.5,34.10416666666667
HR,2018,3.0,3.0,1,34.7,34.275000000000006
HR,2019,3.0,3.0,1,35.0,34.45
HU,1985,3.0,3.0,1,33.4,32.95
HU,1988,5.0,5.0,1,35.5,34.016666666666666
HU,1998,5.0,5.0,1,35.2,34.11666666666667
HU,2002,3.0,3.0,1,37.5,35.075
HU,2004,5.0,5.0,1,35.7,34.916666666666664
HU,2010,6.0,6.0,1,36.4,35.057142857142864
HU,2012,9.0,9.0,1,38.2,36.839999999999996
HU,2013,3.0,3.0,1,39.0,36.575
HU,2015,6.0,6.0,1,37.7,35.89999999999999
HU,2017,5.0,5.0,1,39.3,36.449999999999996
IL,1982,4.0,4.0,1,41.7,40.720000000000006
IL,1985,3.0,3.0,1,42.0,41.675
IL,1989,3.0,3.0,1,43.2,41.825
IL,1996,5.0,5.0,1,43.7,42.916666666666664
IL,1997,5.0,5.0,1,42.4,41.99999999999999
IL,1998,4.0,4.0,1,43.7,42.660000000000004
IL,1999,6.0,3.0,2,43.7,41.375
IL,2000,9.0,9.0,1,42.1,42.010000000000005
IL,2007,6.0,6.0,1,42.0,41.8
IL,2008,5.0,5.0,1,42.5,42.166666666666664
IL,2010,8.0,8.0,1,47.0,43.400000000000006
IL,2015,3.0,3.0,1,46.0,44.0
IL,2016,6.0,6.0,1,44.0,43.1
IL,2017,6.0,6.0,1,44.2,44.199999999999996
IN,1992,4.0,4.0,1,45.8,45.580000000000005
IN,1994,3.0,3.0,1,46.0,45.6
IQ,1980,3.0,3.0,1,48.0,48.0
IQ,2004,3.0,3.0,1,48.0,47.0
IQ,2006,9.0,9.0,1,50.0,48.4
IQ,2010,6.0,3.0,2,49.0,48.5
IQ,2014,3.0,3.0,1,49.2,48.650000000000006
IQ,2015,8.0,8.0,1,50.0,48.98888888888889
IQ,2016,6.0,6.0,1,50.0,48.528571428571425
IR,1989,4.0,4.0,1,42.0,41.839999999999996
IR,1990,5.0,5.0,1,50.0,46.166666666666664
IR,1991,3.0,3.0,1,45.6,45.6
IR,1998,3.0,3.0,1,46.8,46.8
IR,2000,4.0,4.0,1,49.4,48.760000000000005
IR,2002,5.0,5.0,1,50.0,48.75
IR,2003,12.0,12.0,1,48.4,47.47692307692308
IR,2006,3.0,3.0,1,50.0,49.4
IR,2007,3.0,3.0,1,48.0,47.6
IR,2012,4.0,4.0,1,50.0,50.0
IR,2018,4.0,4.0,1,49.3,48.58
IR,2019,3.0,3.0,1,49.6,48.975
IT,1980,7.0,7.0,1,40.0,36.6
IT,1982,3.0,3.0,1,42.8,39.400000000000006
IT,1988,4.0,4.0,1,41.0,39.06
IT,1989,3.0,3.0,1,35.6,35.0
IT,1990,3.0,3.0,1,35.2,34.7
IT,1991,6.0,3.0,2,38.9,36.650000000000006
IT,1992,4.0,4.0,1,36.1,36.019999999999996
IT,1993,13.0,7.0,2,39.2,36.64107142857142
IT,1994,9.0,9.0,1,43.8,38.53
IT,1996,4.0,4.0,1,42.2,38.5
IT,1998,6.0,6.0,1,39.6,37.3
IT,1999,7.0,4.0,2,41.6,38.510000000000005
IT,2003,11.0,11.0,1,41.2,39.583333333333336
IT,2005,3.0,3.0,1,40.0,37.4
IT,2006,13.0,8.0,2,42.0,38.04444444444444
IT,2007,8.0,8.0,1,45.0,40.05555555555556
IT,2010,3.0,3.0,1,37.0,36.15
IT,2012,3.0,3.0,1,42.4,39.3
IT,2013,5.0,5.0,1,39.0,36.63333333333333
IT,2014,3.0,3.0,1,36.2,35.35
IT,2016,4.0,4.0,1,38.4,36.739999999999995
JM,2007,3.0,3.0,1,34.6,34.349999999999994
JM,2014,5.0,5.0,1,35.4,35.16666666666667
JO,1981,7.0,7.0,1,43.0,42.625
JO,1985,7.0,7.0,1,42.5,41.5875
JO,1987,6.0,6.0,1,44.2,42.74285714285714
JO,1994,4.0,4.0,1,45.5,42.56
JO,1996,4.0,4.0,1,43.0,41.67999999999999
JO,1997,3.0,3.0,1,43.0,42.625
JO,2002,3.0,3.0,1,44.1,42.325
JO,2003,3.0,3.0,1,43.2,41.95
JO,2012,5.0,5.0,1,45.9,43.95000000000001
JO,2015,11.0,7.0,2,45.0,42.95375
JO,2016,3.0,3.0,1,43.5,42.425
JP,1981,3.0,3.0,1,37.0,36.475
JP,1983,6.0,6.0,1,39.4,36.91428571428572
JP,1986,4.0,4.0,1,36.8,35.559999999999995
JP,1989,12.0,7.0,2,36.2,35.06666666666666
JP,1990,7.0,4.0,2,38.6,37.402499999999996
JP,1991,4.0,4.0,1,37.8,36.5
JP,1992,9.0,6.0,2,37.3,35.88392857142857
JP,1996,8.0,8.0,1,37.3,36.43333333333333
JP,1997,3.0,3.0,1,39.1,37.125
JP,2000,7.0,7.0,1,38.3,37.3375
JP,2002,3.0,3.0,1,38.2,37.875
JP,2003,3.0,3.0,1,36.8,36.425
JP,2004,8.0,5.0,2,38.0,37.09166666666667
JP,2006,7.0,7.0,1,38.6,37.6
JP,2007,11.0,11.0,1,40.9,37.516666666666666
JP,2008,4.0,4.0,1,37.9,37.2
JP,2009,7.0,4.0,2,37.8,36.0975
JP,2010,9.0,5.0,2,38.3,37.73500000000001
JP,2011,8.0,8.0,1,37.9,37.18888888888888
JP,2014,3.0,3.0,1,38.1,37.300000000000004
JP,2018,5.0,5.0,1,40.3,38.75
KG,1981,3.0,3.0,1,39.0,37.175
KG,2008,5.0,5.0,1,41.0,39.61666666666667
KG,2015,3.0,3.0,1,42.1,39.125
KH,2019,7.0,7.0,1,39.0,38.375
KP,1982,3.0,3.0,1,34.8,33.27499999999999
KP,1983,4.0,4.0,1,35.6,34.44
KP,1984,4.0,4.0,1,34.0,33.56
KP,1988,4.0,4.0,1,35.7,34.89999999999999
KP,1990,3.0,3.0,1,34.5,33.2
KP,2002,3.0,3.0,1,36.0,34.825
KP,2012,4.0,4.0,1,34.3,33.84
KP,2016,4.0,4.0,1,39.7,36.26
KR,1982,9.0,9.0,1,36.1,34.83
KR,1984,9.0,9.0,1,37.9,35.72
KR,1989,3.0,3.0,1,38.0,36.0
KR,1994,4.0,4.0,1,38.9,37.32
KR,1995,5.0,5.0,1,37.0,35.050000000000004
KR,1996,12.0,8.0,2,38.0,35.769999999999996
KR,1997,5.0,5.0,1,36.0,35.333333333333336
KR,2000,8.0,8.0,1,38.3,35.55555555555555
KR,2001,15.0,15.0,1,38.1,35.16875
KR,2002,4.0,4.0,1,35.5,34.519999999999996
KR,2004,3.0,3.0,1,37.0,35.775
KR,2005,5.0,5.0,1,36.0,35.083333333333336
KR,2007,10.0,7.0,2,35.2,33.71875
KR,2008,8.0,4.0,2,35.0,33.650000000000006
KR,2009,3.0,3.0,1,35.0,33.6
KR,2010,5.0,5.0,1,37.1,35.06666666666666
KR,2011,12.0,9.0,2,35.2,33.9375
KR,2014,4.0,4.0,1,36.1,34.379999999999995
KR,2017,8.0,5.0,2,38.0,36.04166666666667
KW,1984,3.0,3.0,1,47.1,45.825
KW,1985,3.0,3.0,1,49.0,48.775000000000006
KW,1986,5.0,5.0,1,49.9,48.583333333333336
KW,1987,3.0,3.0,1,48.4,47.525
KW,1988,3.0,3.0,1,48.8,46.85000000000001
KW,1998,5.0,5.0,1,49.9,48.93333333333333
KW,1999,3.0,3.0,1,48.5,48.15
KW,2006,4.0,4.0,1,50.0,49.239999999999995
KW,2011,6.0,3.0,2,50.0,47.400000000000006
KW,2012,7.0,7.0,1,50.0,48.7375
KY,2005,3.0,3.0,1,33.7,33.400000000000006
KY,2007,3.0,3.0,1,33.0,32.95
KZ,1983,5.0,5.0,1,46.4,44.98333333333334
KZ,1984,3.0,3.0,1,46.0,42.575
KZ,1985,8.0,8.0,1,41.8,41.06666666666666
KZ,1986,5.0,5.0,1,44.6,42.13333333333333
KZ,1992,3.0,3.0,1,43.5,42.5
KZ,1993,7.0,7.0,1,41.4,39.7375
KZ,1994,5.0,5.0,1,42.1,39.833333333333336
KZ,1995,5.0,5.0,1,41.2,40.18333333333334
KZ,1996,8.0,4.0,2,42.8,40.7
KZ,1997,3.0,3.0,1,42.0,41.025
KZ,1998,4.0,4.0,1,42.4,41.919999999999995
KZ,1999,8.0,8.0,1,44.2,40.96666666666667
KZ,2001,4.0,4.0,1,41.1,39.519999999999996
KZ,2002,3.0,3.0,1,44.0,43.05
KZ,2005,7.0,7.0,1,45.6,43.1
KZ,2006,3.0,3.0,1,42.7,41.55
KZ,2007,3.0,3.0,1,43.0,40.875
KZ,2008,3.0,3.0,1,42.3,41.725
KZ,2009,4.0,4.0,1,40.9,39.78
KZ,2011,3.0,3.0,1,44.2,42.900000000000006
KZ,2015,4.0,4.0,1,45.5,43.54
KZ,2017,10.0,10.0,1,44.0,42.56363636363636
KZ,2018,9.0,9.0,1,45.7,43.7
LA,1984,3.0,3.0,1,38.0,38.0
LB,1997,4.0,4.0,1,34.9,34.06
LB,1998,8.0,8.0,1,41.2,39.644444444444446
LB,2000,13.0,8.0,2,42.3,39.52499999999999
LB,2001,3.0,3.0,1,40.2,38.5
LB,2002,3.0,3.0,1,39.5,39.099999999999994
LB,2003,3.0,3.0,1,38.6,37.45
LB,2007,5.0,5.0,1,42.5,41.266666666666666
LB,2008,3.0,3.0,1,42.0,40.425
LB,2010,6.0,6.0,1,42.6,40.51428571428571
LB,2011,4.0,4.0,1,40.5,39.22
LB,2013,3.0,3.0,1,38.9,37.05
LT,1994,6.0,6.0,1,35.5,33.98571428571429
LY,1981,6.0,6.0,1,49.0,45.714285714285715
LY,1984,6.0,6.0,1,46.2,44.357142857142854
LY,1986,5.0,5.0,1,45.2,43.11666666666667
LY,1987,3.0,3.0,1,46.1,44.975
LY,1988,8.0,5.0,2,48.0,46.00416666666666
LY,1991,7.0,7.0,1,46.0,44.224999999999994
LY,1997,3.0,3.0,1,46.5,44.775000000000006
LY,2004,4.0,4.0,1,45.5,44.519999999999996
LY,2007,8.0,8.0,1,46.5,45.28888888888889
LY,2008,5.0,5.0,1,46.0,45.01666666666667
MA,1982,4.0,4.0,1,44.0,41.58
MA,1984,11.0,11.0,1,43.8,42.1
MA,1987,6.0,6.0,1,44.2,41.51428571428572
MA,1988,3.0,3.0,1,45.5,44.2
MA,1995,3.0,3.0,1,45.2,43.3
MA,1997,3.0,3.0,1,39.7,39.075
MA,2000,4.0,4.0,1,48.0,44.44
MA,2002,4.0,4.0,1,44.2,40.760000000000005
MA,2003,8.0,8.0,1,45.0,43.599999999999994
MA,2004,9.0,6.0,2,47.0,44.81071428571428
MA,2007,9.0,9.0,1,44.5,42.65
MA,2009,4.0,4.0,1,47.4,46.22
MA,2010,3.0,3.0,1,44.4,42.475
MA,2011,3.0,3.0,1,44.2,43.4
MA,2013,5.0,5.0,1,45.5,44.449999999999996
MA,2016,3.0,3.0,1,46.3,43.724999999999994
MA,2017,4.0,4.0,1,46.1,45.660000000000004
MA,2018,5.0,5.0,1,44.0,42.65
MA,2019,3.0,3.0,1,43.5,42.225
MD,1988,3.0,3.0,1,33.0,32.925000000000004
MD,1992,8.0,8.0,1,37.8,35.733333333333334
MD,2012,7.0,4.0,2,37.0,35.155
MD,2014,3.0,3.0,1,37.0,35.0
MD,2016,5.0,5.0,1,35.4,34.25
MD,2017,4.0,4.0,1,38.4,36.18
MK,1992,6.0,3.0,2,37.3,36.3125
MK,1993,4.0,4.0,1,37.8,36.519999999999996
MK,1998,3.0,3.0,1,38.7,37.525000000000006
MK,2000,3.0,3.0,1,41.0,38.974999999999994
MK,2004,3.0,3.0,1,36.0,35.375
MK,2006,4.0,4.0,1,37.2,35.239999999999995
MK,2007,7.0,7.0,1,43.5,40.4875
MK,2008,3.0,3.0,1,37.1,35.900000000000006
MK,2009,5.0,5.0,1,37.7,35.0
MK,2010,4.0,4.0,1,38.7,37.839999999999996
MK,2013,6.0,3.0,2,36.6,35.724999999999994
MK,2014,4.0,4.0,1,37.1,35.839999999999996
MK,2015,5.0,5.0,1,39.5,36.95
MK,2016,8.0,5.0,2,37.0,35.391666666666666
MK,2018,4.0,4.0,1,35.2,34.42
MK,2019,4.0,4.0,1,40.0,38.739999999999995
ML,1980,4.0,4.0,1,49.0,45.8
ML,1982,3.0,3.0,1,44.6,44.15
ML,1983,4.0,4.0,1,45.5,44.94
ML,1987,5.0,5.0,1,47.0,45.86666666666667
ML,1989,3.0,3.0,1,45.5,45.2
ML,1992,7.0,7.0,1,45.3,43.5375
ML,1993,5.0,5.0,1,46.0,44.9
ML,1994,6.0,3.0,2,45.8,45.125
ML,1998,4.0,4.0,1,46.0,45.18
ML,2000,3.0,3.0,1,45.6,44.45
ML,2001,5.0,5.0,1,46.5,45.81666666666666
ML,2004,3.0,3.0,1,45.8,45.099999999999994
ML,2016,7.0,7.0,1,46.4,45.287499999999994
ML,2017,4.0,4.0,1,46.4,45.7
ML,2019,4.0,4.0,1,44.7,44.120000000000005
MM,1991,5.0,5.0,1,38.5,38.25
MN,1980,3.0,3.0,1,35.1,34.025
MN,1991,3.0,3.0,1,37.0,36.025000000000006
MN,1992,4.0,4.0,1,35.6,34.46
MN,1997,9.0,9.0,1,40.6,36.96
MN,1998,5.0,5.0,1,36.6,34.71666666666667
MN,2000,5.0,5.0,1,41.8,38.216666666666676
MN,2002,7.0,7.0,1,38.9,37.575
MN,2003,6.0,6.0,1,35.4,33.42857142857143
MN,2006,3.0,3.0,1,35.2,34.825
MN,2008,3.0,3.0,1,39.0,35.599999999999994
MN,2009,4.0,4.0,1,35.8,34.279999999999994
MN,2011,4.0,4.0,1,36.7,35.64
MN,2012,6.0,3.0,2,36.1,34.1125
MN,2014,5.0,5.0,1,39.6,36.08333333333333
MN,2015,4.0,4.0,1,37.5,36.02
MN,2016,7.0,7.0,1,41.9,37.475
MO,1980,6.0,6.0,1,34.0,33.142857142857146
MO,1993,5.0,5.0,1,35.7,34.71666666666667
MO,1997,3.0,3.0,1,34.0,33.349999999999994
MO,2000,4.0,4.0,1,33.2,32.96
MO,2001,4.0,4.0,1,34.6,33.66
MO,2006,4.0,4.0,1,35.9,33.58
MO,2007,5.0,5.0,1,33.9,33.3
MO,2008,7.0,7.0,1,34.9,34.15
MR,2003,3.0,3.0,1,46.6,45.324999999999996
MT,1982,3.0,3.0,1,41.5,39.225
MT,1985,7.0,4.0,2,36.6,33.97
MT,1987,5.0,5.0,1,39.8,38.116666666666674
MT,1991,4.0,4.0,1,35.5,34.2
MT,1992,4.0,4.0,1,34.3,33.39999999999999
MT,2016,4.0,4.0,1,34.6,33.220000000000006
MU,1981,4.0,4.0,1,32.4,32.260000000000005
MU,1998,3.0,3.0,1,33.8,33.575
MU,2003,6.0,6.0,1,34.3,33.285714285714285
MU,2004,3.0,3.0,1,34.4,34.0
MU,2009,3.0,3.0,1,33.8,33.525000000000006
MV,2019,3.0,3.0,1,33.0,32.775
MW,1987,5.0,5.0,1,36.0,35.2
MW,1997,3.0,3.0,1,35.2,33.75
MW,2011,3.0,3.0,1,37.8,37.475
MY,2002,3.0,3.0,1,36.0,35.6
MZ,1986,3.0,3.0,1,40.2,37.650000000000006
NC,2010,7.0,7.0,1,35.3,33.925
NE,1980,8.0,4.0,2,45.9,44.68
NE,1987,3.0,3.0,1,45.3,44.875
NE,1993,3.0,3.0,1,46.2,45.35
NE,1997,3.0,3.0,1,45.0,44.2
NE,1998,3.0,3.0,1,45.0,45.0
NE,2001,4.0,4.0,1,46.5,45.339999999999996
NG,2010,3.0,3.0,1,44.9,42.425000000000004
NI,2019,5.0,5.0,1,37.0,35.56666666666667
NL,2006,4.0,4.0,1,37.0,33.96
NL,2010,3.0,3.0,1,35.9,34.324999999999996
NL,2019,3.0,3.0,1,40.3,38.349999999999994
NO,2014,3.0,3.0,1,33.4,32.875
NP,2018,5.0,5.0,1,36.0,35.333333333333336
NZ,1999,3.0,3.0,1,32.2,32.2
OM,1982,6.0,6.0,1,33.7,33.2
OM,1984,3.0,3.0,1,47.1,44.55
OM,1985,3.0,3.0,1,44.5,42.925
OM,1988,4.0,4.0,1,47.0,45.48
OM,1995,3.0,3.0,1,48.8,48.375
OM,2003,5.0,5.0,1,49.7,47.9
OM,2004,7.0,4.0,2,48.6,46.895
OM,2005,4.0,4.0,1,49.2,47.1
OM,2008,3.0,3.0,1,48.3,46.825
OM,2015,4.0,4.0,1,48.1,47.480000000000004
PA,2002,4.0,4.0,1,42.4,41.4
PF,1983,4.0,4.0,1,33.6,33.56
PF,1994,3.0,3.0,1,33.6,33.325
PF,2013,3.0,3.0,1,34.1,33.724999999999994
PG,2006,4.0,4.0,1,43.3,40.46
PG,2013,3.0,3.0,1,39.4,38.45
PH,2000,7.0,7.0,1,38.0,36.0875
PK,2008,3.0,3.0,1,50.0,48.625
PK,2018,3.0,3.0,1,49.0,49.0
PL,1994,8.0,8.0,1,37.8,35.86666666666666
PL,2006,3.0,3.0,1,35.1,33.574999999999996
PL,2012,5.0,5.0,1,35.1,33.8
PL,2013,3.0,3.0,1,36.9,34.875
PL,2015,8.0,8.0,1,37.7,35.48888888888889
PL,2017,5.0,5.0,1,35.9,34.083333333333336
PR,2000,3.0,3.0,1,33.3,32.625
PR,2005,3.0,3.0,1,34.4,33.724999999999994
PR,2015,7.0,7.0,1,35.0,34.225
PT,1985,3.0,3.0,1,37.6,35.724999999999994
PT,1989,7.0,7.0,1,41.0,38.8125
PT,1990,7.0,7.0,1,40.3,39.125
PT,1991,3.0,3.0,1,40.7,38.2
PT,1992,10.0,10.0,1,41.5,38.8909090909091
PT,1993,4.0,4.0,1,41.0,37.239999999999995
PT,1995,4.0,4.0,1,41.0,38.54
PT,1998,5.0,5.0,1,40.4,39.550000000000004
PT,2002,5.0,5.0,1,39.0,37.71666666666667
PT,2003,15.0,15.0,1,45.4,41.1875
PT,2004,5.0,5.0,1,44.0,40.199999999999996
PT,2005,3.0,3.0,1,41.8,40.25
PT,2006,4.0,4.0,1,40.3,39.0
PT,2008,5.0,5.0,1,40.0,37.083333333333336
PT,2010,3.0,3.0,1,40.6,38.675
PT,2011,4.0,4.0,1,37.5,35.5
PT,2015,4.0,4.0,1,37.8,35.96
PT,2016,3.0,3.0,1,41.1,40.775000000000006
PY,1990,5.0,5.0,1,40.6,39.99999999999999
PY,2014,9.0,9.0,1,40.6,40.0
QA,1994,5.0,5.0,1,44.5,43.416666666666664
QA,1995,8.0,5.0,2,45.2,42.766666666666666
QA,2001,4.0,4.0,1,45.6,44.519999999999996
QA,2007,3.0,3.0,1,47.0,46.15
QA,2018,7.0,4.0,2,47.0,45.755
RO,1985,7.0,4.0,2,40.0,35.825
RO,1988,4.0,4.0,1,35.6,34.82000000000001
RO,1991,4.0,4.0,1,34.2,33.36
RO,1992,4.0,4.0,1,36.2,35.04
RO,1993,3.0,3.0,1,37.6,36.075
RO,1995,3.0,3.0,1,33.5,32.925
RO,2000,3.0,3.0,1,42.2,38.625
RO,2002,10.0,10.0,1,38.0,35.84545454545455
RO,2004,5.0,5.0,1,36.0,35.166666666666664
RO,2006,6.0,6.0,1,35.0,34.24285714285714
RO,2008,4.0,4.0,1,38.4,36.959999999999994
RO,2009,3.0,3.0,1,36.6,35.225
RO,2014,5.0,5.0,1,36.0,34.1
RO,2015,3.0,3.0,1,37.7,36.75
RO,2017,6.0,6.0,1,41.1,38.88571428571429
RO,2019,4.0,4.0,1,38.1,36.7
RS,1981,3.0,3.0,1,36.0,34.375
RS,1985,4.0,4.0,1,40.3,37.3
RS,1988,3.0,3.0,1,36.2,34.8
RS,1991,4.0,4.0,1,33.8,33.21999999999999
RS,1993,7.0,7.0,1,38.0,36.025000000000006
RS,1998,7.0,4.0,2,39.7,37.11
RS,1999,3.0,3.0,1,38.7,36.625
RS,2000,3.0,3.0,1,42.5,39.15
RS,2002,4.0,4.0,1,37.0,35.760000000000005
RS,2004,6.0,3.0,2,39.7,38.875
RS,2005,6.0,6.0,1,39.5,37.971428571428575
RS,2007,6.0,6.0,1,44.2,42.32857142857143
RS,2010,4.0,4.0,1,39.4,37.1
RS,2012,4.0,4.0,1,39.3,38.019999999999996
RS,2013,3.0,3.0,1,39.2,38.325
RS,2014,3.0,3.0,1,34.3,33.400000000000006
RS,2015,6.0,6.0,1,41.7,38.6
RS,2016,3.0,3.0,1,36.0,33.925
RS,2018,5.0,5.0,1,37.6,36.53333333333333
RU,1983,3.0,3.0,1,42.8,41.849999999999994
RU,1987,7.0,7.0,1,41.9,41.662499999999994
RU,1988,6.0,6.0,1,48.0,41.41428571428571
RU,1991,3.0,3.0,1,39.0,38.425
RU,1992,7.0,7.0,1,42.4,40.1375
RU,1993,7.0,7.0,1,40.1,38.400000000000006
RU,1999,3.0,3.0,1,38.0,37.5
RU,2003,3.0,3.0,1,36.6,36.225
RU,2004,4.0,4.0,1,39.6,38.239999999999995
RU,2005,3.0,3.0,1,40.0,39.3
RU,2009,5.0,5.0,1,39.0,38.38333333333333
SA,1980,7.0,7.0,1,49.0,47.5
SA,1988,3.0,3.0,1,46.2,45.925
SA,1991,3.0,3.0,1,49.0,48.25
SA,1998,5.0,5.0,1,49.0,48.083333333333336
SA,1999,5.0,5.0,1,48.4,47.6
SA,2006,3.0,3.0,1,48.6,48.375
SA,2008,3.0,3.0,1,49.5,48.825
SA,2011,3.0,3.0,1,49.0,48.150000000000006
SA,2012,10.0,10.0,1,50.0,49.127272727272725
SA,2016,6.0,6.0,1,50.0,48.800000000000004
SA,2018,7.0,7.0,1,48.6,48.0875
SC,1987,5.0,5.0,1,33.3,32.78333333333333
SC,2015,4.0,4.0,1,33.4,32.96
SD,1986,4.0,4.0,1,45.3,44.760000000000005
SG,1991,3.0,3.0,1,33.5,33.05
SG,2008,5.0,5.0,1,33.5,33.0
SG,2018,3.0,3.0,1,35.0,34.5
SI,1988,4.0,4.0,1,34.9,33.78
SI,1992,11.0,4.0,3,36.5,34.098333333333336
SI,1993,3.0,3.0,1,34.9,33.800000000000004
SI,1994,6.0,6.0,1,33.7,33.07142857142857
SI,2006,5.0,5.0,1,35.1,33.56666666666666
SI,2007,7.0,7.0,1,37.0,35.0125
SI,2010,5.0,5.0,1,35.9,34.25
SI,2012,4.0,4.0,1,36.0,34.62
SI,2013,4.0,4.0,1,37.0,34.92
SI,2015,12.0,7.0,2,37.7,35.329166666666666
SI,2017,3.0,3.0,1,35.4,34.65
SI,2019,4.0,4.0,1,36.2,34.86
SK,1989,3.0,3.0,1,33.3,32.65
SK,1992,3.0,3.0,1,37.0,35.9
SK,1998,3.0,3.0,1,34.8,34.15
SK,2010,6.0,6.0,1,36.0,34.557142857142864
SK,2012,7.0,7.0,1,37.8,36.55
SK,2013,3.0,3.0,1,37.1,35.425000000000004
SK,2015,9.0,9.0,1,38.2,37.02
SK,2017,5.0,5.0,1,38.1,35.43333333333333
SN,1995,3.0,3.0,1,46.4,45.8
SY,1980,8.0,8.0,1,46.0,44.74444444444444
SY,1985,5.0,5.0,1,43.9,43.0
SY,1986,5.0,5.0,1,43.9,43.1
SY,1987,10.0,10.0,1,44.5,43.71818181818182
SY,1993,9.0,9.0,1,46.0,43.74
SY,1996,3.0,3.0,1,43.3,42.75
SY,1997,8.0,4.0,2,43.5,41.69
SY,1998,6.0,6.0,1,46.2,44.84285714285714
SY,2000,5.0,5.0,1,45.2,44.15
SY,2001,6.0,3.0,2,44.7,43.412499999999994
SY,2003,6.0,6.0,1,45.0,43.31428571428571
SY,2007,10.0,10.0,1,45.5,43.95454545454545
SY,2009,3.0,3.0,1,42.0,41.5
SY,2010,5.0,5.0,1,44.2,43.116666666666674
SY,2012,6.0,6.0,1,45.4,44.51428571428572
SY,2013,4.0,4.0,1,43.2,42.06
SY,2015,6.0,3.0,2,44.0,42.6375
TD,1992,3.0,3.0,1,43.2,42.05
TD,1994,3.0,3.0,1,43.3,42.425
TD,2001,4.0,4.0,1,44.9,43.04
TD,2006,3.0,3.0,1,44.5,44.375
TD,2007,5.0,5.0,1,45.3,44.51666666666667
TD,2010,3.0,3.0,1,48.8,46.15
TD,2015,3.0,3.0,1,44.5,43.625
TD,2018,3.0,3.0,1,44.0,43.125
TG,1999,4.0,4.0,1,42.0,41.0
TG,2002,3.0,3.0,1,40.3,39.4
TG,2009,3.0,3.0,1,41.5,40.175
TG,2010,5.0,5.0,1,42.6,41.416666666666664
TG,2011,3.0,3.0,1,40.8,40.400000000000006
TG,2017,3.0,3.0,1,42.2,41.2
TH,2010,4.0,4.0,1,43.0,42.14
TH,2014,3.0,3.0,1,41.8,41.1
TH,2019,3.0,3.0,1,43.0,42.4
TJ,1980,3.0,3.0,1,42.0,42.0
TJ,1983,3.0,3.0,1,43.2,42.775000000000006
TJ,1986,3.0,3.0,1,42.4,41.725
TJ,1992,11.0,11.0,1,40.0,38.75
TJ,1993,5.0,5.0,1,41.0,40.349999999999994
TJ,1994,6.0,6.0,1,43.1,41.15714285714285
TJ,1995,3.0,3.0,1,42.0,41.35
TJ,1998,7.0,7.0,1,43.4,40.975
TJ,1999,5.0,5.0,1,40.1,38.96666666666667
TJ,2006,5.0,5.0,1,42.1,40.333333333333336
TJ,2007,3.0,3.0,1,43.7,42.0
TJ,2008,4.0,4.0,1,44.5,43.4
TJ,2009,8.0,5.0,2,42.7,40.7875
TJ,2010,6.0,6.0,1,41.2,39.15714285714285
TJ,2013,6.0,6.0,1,44.9,43.185714285714276
TJ,2015,5.0,5.0,1,43.0,41.61666666666667
TJ,2016,3.0,3.0,1,41.7,40.325
TJ,2017,3.0,3.0,1,43.7,42.85
TJ,2019,9.0,9.0,1,43.7,42.809999999999995
TM,1980,4.0,4.0,1,44.1,44.019999999999996
TM,1981,6.0,6.0,1,46.0,43.65714285714286
TM,1983,10.0,10.0,1,46.8,44.71818181818182
TM,1984,5.0,5.0,1,44.7,44.133333333333326
TM,1986,5.0,5.0,1,45.7,44.96666666666667
TM,1987,6.0,6.0,1,44.4,43.15714285714286
TM,1989,4.0,4.0,1,45.2,44.52
TM,1990,5.0,5.0,1,49.0,43.93333333333334
TM,1993,14.0,7.0,2,47.4,42.98125
TM,1995,7.0,7.0,1,49.1,45.475
TM,1997,4.0,4.0,1,48.8,46.0
TM,2000,6.0,3.0,2,44.3,42.675
TM,2001,3.0,3.0,1,44.0,42.675
TM,2002,4.0,4.0,1,46.0,43.32000000000001
TM,2003,7.0,7.0,1,47.6,43.975
TM,2006,3.0,3.0,1,45.0,43.4
TM,2010,7.0,4.0,2,46.4,44.45
TM,2012,6.0,3.0,2,45.3,43.025
TM,2013,11.0,6.0,2,45.2,43.608333333333334
TM,2014,6.0,3.0,2,46.3,44.0375
TM,2015,10.0,6.0,2,47.2,45.75
TM,2017,7.0,7.0,1,45.6,44.025000000000006
TN,1980,8.0,5.0,2,45.0,40.83333333333333
TN,1981,6.0,6.0,1,43.0,41.57142857142857
TN,1983,5.0,5.0,1,45.6,44.73333333333334
TN,1984,3.0,3.0,1,46.0,43.4
TN,1985,5.0,5.0,1,45.0,43.18333333333334
TN,1986,7.0,4.0,2,42.4,40.769999999999996
TN,1988,3.0,3.0,1,41.6,41.025
TN,1994,9.0,9.0,1,46.7,44.50000000000001
TN,1996,6.0,3.0,2,45.9,43.650000000000006
TN,1999,6.0,6.0,1,48.2,45.371428571428574
TN,2000,4.0,4.0,1,45.0,44.620000000000005
TN,2003,8.0,5.0,2,46.5,44.766666666666666
TN,2004,4.0,4.0,1,45.4,43.18000000000001
TN,2005,9.0,9.0,1,48.0,44.78
TN,2007,10.0,7.0,2,46.0,43.875
TN,2009,5.0,5.0,1,42.8,41.199999999999996
TN,2013,5.0,5.0,1,42.3,41.01666666666667
TN,2014,3.0,3.0,1,46.1,43.35
TN,2015,4.0,4.0,1,42.1,40.46
TN,2018,5.0,5.0,1,48.3,44.81666666666666
TO,1987,3.0,3.0,1,33.6,33.025000000000006
TR,1980,10.0,10.0,1,45.0,42.54545454545455
TR,1981,9.0,6.0,2,42.0,40.23214285714286
TR,1982,4.0,4.0,1,38.2,37.660000000000004
TR,1983,7.0,4.0,2,42.0,39.86
TR,1986,5.0,5.0,1,40.4,39.833333333333336
TR,1993,4.0,4.0,1,41.4,40.48
TR,1995,4.0,4.0,1,40.6,40.04
TR,2000,5.0,5.0,1,46.8,44.06666666666666
TR,2001,8.0,8.0,1,44.0,42.93333333333334
TR,2003,6.0,6.0,1,43.3,41.771428571428565
TR,2004,3.0,3.0,1,43.3,43.025
TR,2007,7.0,7.0,1,44.5,43.175
TR,2008,4.0,4.0,1,42.0,41.54
TR,2010,3.0,3.0,1,43.1,42.175000000000004
TR,2011,14.0,10.0,2,46.0,41.20909090909091
TR,2014,3.0,3.0,1,43.0,42.425
TR,2015,3.0,3.0,1,45.1,43.1
TT,1993,3.0,3.0,1,32.5,32.4
TT,2019,3.0,3.0,1,34.3,33.625
TW,1981,7.0,7.0,1,35.0,33.625
TW,1982,6.0,6.0,1,36.0,34.285714285714285
TW,1983,5.0,5.0,1,35.0,34.333333333333336
TW,1988,4.0,4.0,1,36.0,34.94
TW,1989,3.0,3.0,1,36.0,34.425
TW,1993,3.0,3.0,1,34.4,34.2
TW,2002,6.0,6.0,1,36.0,35.142857142857146
TW,2003,3.0,3.0,1,39.0,37.25
TW,2006,4.0,4.0,1,36.0,35.4
TW,2008,4.0,4.0,1,38.0,36.6
TW,2009,3.0,3.0,1,38.0,37.25
TW,2010,3.0,3.0,1,37.0,35.5
TW,2012,6.0,6.0,1,38.0,36.57142857142857
TW,2015,11.0,8.0,2,37.0,35.20833333333333
UA,1991,4.0,4.0,1,37.7,36.67999999999999
UA,1992,8.0,8.0,1,38.1,36.43333333333333
UA,1995,3.0,3.0,1,39.5,35.625
UA,1996,7.0,4.0,2,39.4,37.927499999999995
UA,1999,7.0,4.0,2,39.0,36.6175
UA,2001,4.0,4.0,1,39.6,38.58
UA,2002,6.0,6.0,1,40.5,38.24285714285714
UA,2004,7.0,7.0,1,36.9,35.1
UA,2007,6.0,6.0,1,41.3,40.2
UA,2008,6.0,6.0,1,39.0,36.728571428571435
UA,2009,5.0,5.0,1,38.8,37.25
UA,2011,7.0,7.0,1,37.5,35.6875
UA,2012,9.0,5.0,2,38.3,37.019999999999996
UA,2013,3.0,3.0,1,35.4,33.65
UA,2015,6.0,6.0,1,37.6,36.15714285714285
UA,2016,4.0,4.0,1,39.1,36.44
UA,2017,8.0,5.0,2,40.0,36.44583333333333
UA,2018,7.0,7.0,1,34.8,33.925
UA,2019,4.0,4.0,1,36.9,35.2
US,1980,6.0,6.0,1,46.7,44.84285714285714
US,1983,3.0,3.0,1,45.0,43.45
US,1988,3.0,3.0,1,46.7,45.3
US,1989,4.0,4.0,1,45.0,43.56
US,1991,4.0,4.0,1,43.9,43.0
US,2004,5.0,5.0,1,46.1,44.0
US,2008,3.0,3.0,1,44.4,43.85
US,2010,5.0,5.0,1,48.3,46.31666666666666
US,2011,4.0,4.0,1,44.4,44.3
US,2013,4.0,4.0,1,46.7,45.82
UY,1982,4.0,4.0,1,39.2,38.839999999999996
UY,1986,4.0,4.0,1,39.6,38.64
UY,1990,5.0,5.0,1,40.4,39.03333333333334
UY,1993,3.0,3.0,1,38.5,36.5
UY,1994,3.0,3.0,1,39.0,38.15
UY,1997,8.0,5.0,2,38.4,36.575
UY,1999,5.0,5.0,1,36.9,35.483333333333334
UY,2000,5.0,5.0,1,38.9,38.7
UY,2003,3.0,3.0,1,40.2,38.6
UY,2004,3.0,3.0,1,37.2,37.175000000000004
UY,2005,4.0,4.0,1,41.0,38.239999999999995
UZ,1981,10.0,10.0,1,45.8,41.74545454545454
UZ,1983,7.0,4.0,2,48.4,45.3525
UZ,1984,3.0,3.0,1,48.4,44.525
UZ,1985,8.0,8.0,1,43.2,41.84444444444445
UZ,1986,3.0,3.0,1,47.6,44.8
UZ,1989,3.0,3.0,1,40.8,40.4
UZ,1991,5.0,5.0,1,46.8,43.06666666666666
UZ,1995,5.0,5.0,1,46.5,44.61666666666667
UZ,1997,5.0,5.0,1,47.1,45.23333333333333
UZ,1998,3.0,3.0,1,45.0,42.5
UZ,2001,5.0,5.0,1,45.8,44.25
UZ,2003,4.0,4.0,1,46.0,43.78
UZ,2008,4.0,4.0,1,43.7,42.42
UZ,2009,9.0,9.0,1,43.4,41.809999999999995
UZ,2010,3.0,3.0,1,45.4,43.275
UZ,2012,3.0,3.0,1,43.3,42.325
UZ,2013,7.0,7.0,1,44.6,43.625
UZ,2014,3.0,3.0,1,43.6,42.975
UZ,2015,8.0,4.0,2,48.2,45.59
UZ,2017,5.0,5.0,1,44.4,43.38333333333333
VE,1992,3.0,3.0,1,39.9,38.75
VE,1995,3.0,3.0,1,38.8,38.45
VE,2010,3.0,3.0,1,38.8,38.8
VI,2015,3.0,3.0,1,35.6,34.025
VI,2019,3.0,3.0,1,32.8,32.35
VN,1994,3.0,3.0,1,37.4,37.125
VN,2004,4.0,4.0,1,38.6,38.019999999999996
VN,2010,4.0,4.0,1,40.0,38.96
VN,2019,3.0,3.0,1,41.0,39.7
VU,1986,3.0,3.0,1,33.0,32.625
VU,1992,3.0,3.0,1,33.0,32.75
VU,1997,4.0,4.0,1,34.0,33.339999999999996
WS,2016,4.0,4.0,1,37.7,37.36
ZA,2014,3.0,3.0,1,43.9,42.875
ZW,1987,4.0,4.0,1,43.0,41.2
ZW,1993,3.0,3.0,1,36.5,34.05
ZW,1995,3.0,3.0,1,37.5,36.075
ZW,2011,3.0,3.0,1,38.0,37.05
